{"cameraMode":{"drawMode":0,"name":"Shaded","section":"Shading Mode"},"sceneLighting":true,"audioPlay":false,"sceneViewState":{"m_AlwaysRefresh":false,"showFog":true,"showSkybox":true,"showFlares":true,"showImageEffects":true,"showParticleSystems":true,"showVisualEffectGraphs":true,"m_FxEnabled":true},"in2DMode":false,"pivot":{"x":181.12750244140626,"y":368.2640380859375,"z":-678.9170532226563},"rotation":{"x":0.07971645891666413,"y":-0.014956516213715077,"z":0.0011921406257897616,"w":0.9967095851898193},"size":12.461819648742676,"orthographic":false}